scenario_id,device_id,timestamp,source,type,vehicle_type,trip_id,sequence,start_station_id,start_station_name,end_station_id,end_station_name,dock_status,charging,lat,lon,speed,accel_x,accel_y,accel_z,gyro_x,gyro_y,gyro_z,gps_accuracy_m,range_front_m,range_left_m,ultrasonic_valid,battery,event_label
obstacle_risk_001,scooter_braga_021,2026-05-05T14:00:00Z,simulated,telemetry,scooter,obstacle_risk_001,0,,,,,in_transit,false,41.5601250,-8.4170162,11.95,-0.425,-0.178,9.654,0.0655,-0.0217,-0.0729,4.38,5.32,2.76,true,87.7,
obstacle_risk_001,scooter_braga_021,2026-05-05T14:00:01Z,simulated,telemetry,scooter,obstacle_risk_001,1,,,,,in_transit,false,41.5601009,-8.4170354,11.21,-0.222,-0.198,10.455,0.0080,0.0176,-0.0824,5.67,3.94,2.19,true,87.7,
obstacle_risk_001,scooter_braga_021,2026-05-05T14:00:02Z,simulated,telemetry,scooter,obstacle_risk_001,2,,,,,in_transit,false,41.5600761,-8.4170553,11.59,-0.139,0.005,9.645,0.0025,-0.0701,-0.0659,2.39,7.84,1.97,true,87.7,
obstacle_risk_001,scooter_braga_021,2026-05-05T14:00:03Z,simulated,telemetry,scooter,obstacle_risk_001,3,,,,,in_transit,false,41.5600465,-8.4170790,13.81,0.681,0.773,9.499,-0.0226,-0.0142,-0.0753,5.32,6.36,1.08,true,87.7,
obstacle_risk_001,scooter_braga_021,2026-05-05T14:00:04Z,simulated,telemetry,scooter,obstacle_risk_001,4,,,,,in_transit,false,41.5600262,-8.4170952,9.46,0.484,-1.171,10.019,-0.0042,-0.0177,0.0571,6.43,6.25,2.68,true,87.7,
obstacle_risk_001,scooter_braga_021,2026-05-05T14:00:05Z,simulated,telemetry,scooter,obstacle_risk_001,5,,,,,in_transit,false,41.5600008,-8.4171155,11.84,0.288,0.724,9.703,-0.0101,0.0010,-0.0629,6.33,4.21,1.22,true,87.7,
obstacle_risk_001,scooter_braga_021,2026-05-05T14:00:06Z,simulated,telemetry,scooter,obstacle_risk_001,6,,,,,in_transit,false,41.5599731,-8.4171377,12.93,0.245,0.218,9.842,-0.0350,-0.0336,-0.0218,5.00,3.70,1.21,true,87.7,
obstacle_risk_001,scooter_braga_021,2026-05-05T14:00:07Z,simulated,telemetry,scooter,obstacle_risk_001,7,,,,,in_transit,false,41.5599437,-8.4171612,13.74,-0.110,-0.167,9.956,0.0232,-0.0015,0.0647,6.22,8.84,1.75,true,87.7,
obstacle_risk_001,scooter_braga_021,2026-05-05T14:00:08Z,simulated,telemetry,scooter,obstacle_risk_001,8,,,,,in_transit,false,41.5599166,-8.4171829,12.64,-0.199,-0.351,10.242,-0.0223,-0.0267,0.0056,4.85,3.91,1.04,true,87.6,
obstacle_risk_001,scooter_braga_021,2026-05-05T14:00:09Z,simulated,telemetry,scooter,obstacle_risk_001,9,,,,,in_transit,false,41.5598982,-8.4171976,8.58,0.143,-1.376,9.471,0.0367,-0.0316,-0.0247,4.03,4.39,0.99,true,87.6,
obstacle_risk_001,scooter_braga_021,2026-05-05T14:00:10Z,simulated,telemetry,scooter,obstacle_risk_001,10,,,,,in_transit,false,41.5598746,-8.4172165,11.01,-0.602,0.882,9.814,0.0158,0.0439,-0.1766,4.95,9.18,1.26,true,87.6,
obstacle_risk_001,scooter_braga_021,2026-05-05T14:00:11Z,simulated,telemetry,scooter,obstacle_risk_001,11,,,,,in_transit,false,41.5598431,-8.4172417,14.71,0.082,1.290,10.061,0.0249,0.0066,-0.0287,5.81,2.40,1.82,true,87.6,
obstacle_risk_001,scooter_braga_021,2026-05-05T14:00:12Z,simulated,telemetry,scooter,obstacle_risk_001,12,,,,,in_transit,false,41.5598199,-8.4172603,10.83,0.093,-1.226,9.825,0.0218,-0.0268,0.0411,3.58,8.15,0.88,true,87.6,
obstacle_risk_001,scooter_braga_021,2026-05-05T14:00:13Z,simulated,telemetry,scooter,obstacle_risk_001,13,,,,,in_transit,false,41.5597906,-8.4172837,13.65,-0.482,0.652,9.831,-0.0040,0.0252,0.0039,3.89,5.81,1.04,true,87.6,
obstacle_risk_001,scooter_braga_021,2026-05-05T14:00:14Z,simulated,telemetry,scooter,obstacle_risk_001,14,,,,,in_transit,false,41.5597591,-8.4173089,14.69,0.738,0.316,9.700,-0.0205,0.1018,0.0117,4.46,6.09,1.87,true,87.6,
obstacle_risk_001,scooter_braga_021,2026-05-05T14:00:15Z,simulated,telemetry,scooter,obstacle_risk_001,15,,,,,in_transit,false,41.5597333,-8.4173296,12.07,-0.329,-0.695,9.518,-0.0542,-0.0361,-0.0467,5.63,6.59,0.85,true,87.6,
obstacle_risk_001,scooter_braga_021,2026-05-05T14:00:16Z,simulated,telemetry,scooter,obstacle_risk_001,16,,,,,in_transit,false,41.5597045,-8.4173182,14.08,0.267,0.692,9.648,-0.0077,0.0047,0.0052,4.12,6.00,2.08,true,87.6,
obstacle_risk_001,scooter_braga_021,2026-05-05T14:00:17Z,simulated,telemetry,scooter,obstacle_risk_001,17,,,,,in_transit,false,41.5596837,-8.4172970,10.49,-0.154,-1.162,9.916,-0.0135,0.0339,0.0064,4.07,9.28,0.99,true,87.6,
obstacle_risk_001,scooter_braga_021,2026-05-05T14:00:18Z,simulated,telemetry,scooter,obstacle_risk_001,18,,,,,in_transit,false,41.5596579,-8.4172682,13.50,0.437,0.979,9.852,0.0142,0.0401,-0.0446,5.01,4.06,2.69,true,87.6,
obstacle_risk_001,scooter_braga_021,2026-05-05T14:00:19Z,simulated,telemetry,scooter,obstacle_risk_001,19,,,,,in_transit,false,41.5596411,-8.4172374,11.50,0.107,-0.759,9.727,0.0248,-0.0212,0.0346,2.81,6.23,1.30,true,87.6,
obstacle_risk_001,scooter_braga_021,2026-05-05T14:00:20Z,simulated,telemetry,scooter,obstacle_risk_001,20,,,,,in_transit,false,41.5596238,-8.4171933,14.89,0.072,0.886,9.732,-0.0590,0.0451,-0.0049,5.82,4.05,2.43,true,87.6,
obstacle_risk_001,scooter_braga_021,2026-05-05T14:00:21Z,simulated,telemetry,scooter,obstacle_risk_001,21,,,,,in_transit,false,41.5596019,-8.4171925,11.84,-0.035,-0.690,9.790,0.0423,0.0304,-0.1091,5.56,9.49,0.90,true,87.6,
obstacle_risk_001,scooter_braga_021,2026-05-05T14:00:22Z,simulated,telemetry,scooter,obstacle_risk_001,22,,,,,in_transit,false,41.5595736,-8.4172117,12.71,-0.148,0.294,9.404,-0.0470,0.0256,-0.0557,6.09,4.83,1.64,true,87.6,
obstacle_risk_001,scooter_braga_021,2026-05-05T14:00:23Z,simulated,telemetry,scooter,obstacle_risk_001,23,,,,,in_transit,false,41.5595400,-8.4172351,15.16,-0.286,1.049,9.763,0.0978,-0.0364,0.0307,4.04,4.81,2.04,true,87.5,
obstacle_risk_001,scooter_braga_021,2026-05-05T14:00:24Z,simulated,telemetry,scooter,obstacle_risk_001,24,,,,,in_transit,false,41.5595072,-8.4172579,14.80,0.189,-0.241,9.586,-0.0641,-0.0820,-0.0319,3.32,8.21,2.22,true,87.5,
obstacle_risk_001,scooter_braga_021,2026-05-05T14:00:25Z,simulated,telemetry,scooter,obstacle_risk_001,25,,,,,in_transit,false,41.5594838,-8.4172741,10.54,0.433,-1.091,10.012,-0.0428,0.0114,-0.0085,4.02,2.69,2.77,true,87.5,
obstacle_risk_001,scooter_braga_021,2026-05-05T14:00:26Z,simulated,telemetry,scooter,obstacle_risk_001,26,,,,,in_transit,false,41.5594603,-8.4172905,10.62,-0.299,0.091,10.174,0.0043,-0.0584,-0.0777,2.90,3.25,1.40,true,87.5,
obstacle_risk_001,scooter_braga_021,2026-05-05T14:00:27Z,simulated,telemetry,scooter,obstacle_risk_001,27,,,,,in_transit,false,41.5594348,-8.4173082,11.48,0.504,-0.068,10.191,0.0517,-0.0201,-0.0600,6.26,3.03,1.80,true,87.5,
obstacle_risk_001,scooter_braga_021,2026-05-05T14:00:28Z,simulated,telemetry,scooter,obstacle_risk_001,28,,,,,in_transit,false,41.5594109,-8.4173261,10.99,0.620,-0.090,9.917,0.0000,0.0103,-0.1236,4.37,4.17,2.06,true,87.5,
obstacle_risk_001,scooter_braga_021,2026-05-05T14:00:29Z,simulated,telemetry,scooter,obstacle_risk_001,29,,,,,in_transit,false,41.5593867,-8.4173486,11.79,-0.451,0.230,9.721,0.0158,0.0095,0.0241,5.10,2.22,1.63,true,87.5,
obstacle_risk_001,scooter_braga_021,2026-05-05T14:00:30Z,simulated,telemetry,scooter,obstacle_risk_001,30,,,,,in_transit,false,41.5593562,-8.4173771,14.92,0.138,1.024,9.722,0.0176,-0.0113,-0.0171,2.63,8.63,2.70,true,87.5,
obstacle_risk_001,scooter_braga_021,2026-05-05T14:00:31Z,simulated,telemetry,scooter,obstacle_risk_001,31,,,,,in_transit,false,41.5593322,-8.4174102,13.84,-0.769,-0.424,9.866,0.0340,0.0097,-0.0016,3.89,9.01,2.47,true,87.5,
obstacle_risk_001,scooter_braga_021,2026-05-05T14:00:32Z,simulated,telemetry,scooter,obstacle_risk_001,32,,,,,in_transit,false,41.5593121,-8.4174403,12.10,-0.190,-0.610,9.734,-0.0269,-0.0317,-0.0464,2.86,3.04,1.30,true,87.5,
obstacle_risk_001,scooter_braga_021,2026-05-05T14:00:33Z,simulated,telemetry,scooter,obstacle_risk_001,33,,,,,in_transit,false,41.5592937,-8.4174680,11.09,-0.058,-0.249,9.299,-0.0201,0.0494,-0.0016,5.82,6.84,1.00,true,87.5,
obstacle_risk_001,scooter_braga_021,2026-05-05T14:00:34Z,simulated,telemetry,scooter,obstacle_risk_001,34,,,,,in_transit,false,41.5592794,-8.4175013,11.63,-0.230,0.042,9.919,-0.0304,0.0260,-0.0541,2.74,7.68,2.73,true,87.5,
obstacle_risk_001,scooter_braga_021,2026-05-05T14:00:35Z,simulated,telemetry,scooter,obstacle_risk_001,35,,,,,in_transit,false,41.5592688,-8.4175337,10.59,0.441,-0.366,9.501,-0.0297,0.1032,-0.0252,4.05,2.47,1.95,true,87.5,
obstacle_risk_001,scooter_braga_021,2026-05-05T14:00:36Z,simulated,telemetry,scooter,obstacle_risk_001,36,,,,,in_transit,false,41.5592567,-8.4175706,12.05,-0.449,0.129,9.925,-0.0063,-0.0100,-0.0399,3.65,3.26,2.00,true,87.5,
obstacle_risk_001,scooter_braga_021,2026-05-05T14:00:37Z,simulated,telemetry,scooter,obstacle_risk_001,37,,,,,in_transit,false,41.5592447,-8.4176071,11.95,0.194,0.015,9.719,0.0635,0.0594,-0.0614,2.53,5.56,0.73,true,87.5,
obstacle_risk_001,scooter_braga_021,2026-05-05T14:00:38Z,simulated,telemetry,scooter,obstacle_risk_001,38,,,,,in_transit,false,41.5592336,-8.4176410,11.10,0.346,-0.257,10.178,0.0096,-0.0458,0.0166,2.31,3.65,1.80,true,87.4,
obstacle_risk_001,scooter_braga_021,2026-05-05T14:00:39Z,simulated,telemetry,scooter,obstacle_risk_001,39,,,,,in_transit,false,41.5592188,-8.4176859,14.68,-0.391,0.874,9.723,0.0141,0.0330,0.0280,3.33,4.93,0.91,true,87.4,
obstacle_risk_001,scooter_braga_021,2026-05-05T14:00:40Z,simulated,telemetry,scooter,obstacle_risk_001,40,,,,,in_transit,false,41.5592100,-8.4177132,8.91,-0.213,-1.530,9.856,-0.0490,0.0432,0.0165,4.59,7.64,2.04,true,87.4,
obstacle_risk_001,scooter_braga_021,2026-05-05T14:00:41Z,simulated,telemetry,scooter,obstacle_risk_001,41,,,,,in_transit,false,41.5591966,-8.4177596,14.90,0.410,1.737,9.532,0.0134,-0.0289,0.0176,6.24,5.21,2.57,true,87.4,
obstacle_risk_001,scooter_braga_021,2026-05-05T14:00:42Z,simulated,telemetry,scooter,obstacle_risk_001,42,,,,,in_transit,false,41.5591863,-8.4177951,11.37,-0.245,-1.011,9.770,-0.0366,0.0914,-0.0024,6.01,3.74,2.67,true,87.4,
obstacle_risk_001,scooter_braga_021,2026-05-05T14:00:43Z,simulated,telemetry,scooter,obstacle_risk_001,43,,,,,in_transit,false,41.5591756,-8.4178323,11.97,-0.066,-0.106,9.817,0.0305,0.0592,-0.0874,6.30,2.63,0.70,true,87.4,
obstacle_risk_001,scooter_braga_021,2026-05-05T14:00:44Z,simulated,telemetry,scooter,obstacle_risk_001,44,,,,,in_transit,false,41.5591614,-8.4178814,15.76,-0.060,0.810,9.564,-0.0192,-0.0020,0.0112,4.43,6.77,1.99,true,87.4,
obstacle_risk_001,scooter_braga_021,2026-05-05T14:00:45Z,simulated,telemetry,scooter,obstacle_risk_001,45,,,,,in_transit,false,41.5591487,-8.4179255,14.14,-0.407,-0.492,9.801,-0.0000,-0.0214,0.0277,3.91,2.87,2.33,true,87.4,
obstacle_risk_001,scooter_braga_021,2026-05-05T14:00:46Z,simulated,telemetry,scooter,obstacle_risk_001,46,,,,,in_transit,false,41.5591380,-8.4179626,11.91,0.169,-0.811,9.896,-0.0582,0.0245,-0.0460,5.46,7.35,2.54,true,87.4,
obstacle_risk_001,scooter_braga_021,2026-05-05T14:00:47Z,simulated,telemetry,scooter,obstacle_risk_001,47,,,,,in_transit,false,41.5591261,-8.4180037,13.22,-0.530,0.167,9.910,-0.0176,0.0412,-0.0446,3.43,5.62,1.91,true,87.4,
obstacle_risk_001,scooter_braga_021,2026-05-05T14:00:48Z,simulated,telemetry,scooter,obstacle_risk_001,48,,,,,in_transit,false,41.5591128,-8.4180499,14.81,-0.077,0.169,9.641,0.0586,-0.0116,0.0444,6.20,5.10,2.70,true,87.4,
obstacle_risk_001,scooter_braga_021,2026-05-05T14:00:49Z,simulated,telemetry,scooter,obstacle_risk_001,49,,,,,in_transit,false,41.5591009,-8.4180911,13.24,0.069,-0.620,9.806,0.0470,0.0228,-0.0504,2.64,4.05,0.78,true,87.4,
obstacle_risk_001,scooter_braga_021,2026-05-05T14:00:50Z,simulated,telemetry,scooter,obstacle_risk_001,50,,,,,in_transit,false,41.5590915,-8.4181238,10.51,0.560,-0.602,9.964,0.0358,0.0372,0.0169,6.05,7.59,1.93,true,87.4,
obstacle_risk_001,scooter_braga_021,2026-05-05T14:00:51Z,simulated,telemetry,scooter,obstacle_risk_001,51,,,,,in_transit,false,41.5590767,-8.4181720,15.65,0.522,1.149,9.739,0.0249,-0.0291,0.0292,4.87,6.76,2.73,true,87.4,
obstacle_risk_001,scooter_braga_021,2026-05-05T14:00:52Z,simulated,telemetry,scooter,obstacle_risk_001,52,,,,,in_transit,false,41.5590552,-8.4182000,12.02,0.077,-0.964,9.938,0.0215,-0.0036,-0.0265,5.89,7.74,2.54,true,87.4,
obstacle_risk_001,scooter_braga_021,2026-05-05T14:00:53Z,simulated,telemetry,scooter,obstacle_risk_001,53,,,,,in_transit,false,41.5590320,-8.4182302,12.96,0.392,0.277,9.624,0.0237,0.0020,0.0277,2.92,4.33,0.75,true,87.4,
obstacle_risk_001,scooter_braga_021,2026-05-05T14:00:54Z,simulated,telemetry,scooter,obstacle_risk_001,54,,,,,in_transit,false,41.5590107,-8.4182558,11.53,0.393,-0.248,9.957,-0.0134,-0.0726,0.0561,4.94,5.84,2.64,true,87.3,
obstacle_risk_001,scooter_braga_021,2026-05-05T14:00:55Z,simulated,telemetry,scooter,obstacle_risk_001,55,,,,,in_transit,false,41.5589805,-8.4182762,13.52,-0.124,0.370,9.967,-0.0317,0.0763,-0.0009,6.50,8.34,2.78,true,87.3,
obstacle_risk_001,scooter_braga_021,2026-05-05T14:00:56Z,simulated,telemetry,scooter,obstacle_risk_001,56,,,,,in_transit,false,41.5589563,-8.4182926,10.89,-0.570,-0.555,9.882,-0.0260,-0.0455,0.0185,5.40,6.98,1.49,true,87.3,
obstacle_risk_001,scooter_braga_021,2026-05-05T14:00:57Z,simulated,telemetry,scooter,obstacle_risk_001,57,,,,,in_transit,false,41.5589332,-8.4183082,10.36,-0.200,0.058,9.706,-0.0498,-0.0499,-0.0237,3.94,4.95,1.78,true,87.3,
obstacle_risk_001,scooter_braga_021,2026-05-05T14:00:58Z,simulated,telemetry,scooter,obstacle_risk_001,58,,,,,in_transit,false,41.5589042,-8.4183154,12.77,-0.291,0.662,9.450,-0.0079,-0.0339,0.0749,2.23,6.80,2.38,true,87.3,
obstacle_risk_001,scooter_braga_021,2026-05-05T14:00:59Z,simulated,telemetry,scooter,obstacle_risk_001,59,,,,,in_transit,false,41.5588667,-8.4182966,16.02,0.669,0.765,9.993,0.0032,-0.0045,-0.0666,2.86,3.75,2.73,true,87.3,
obstacle_risk_001,scooter_braga_021,2026-05-05T14:01:00Z,simulated,telemetry,scooter,obstacle_risk_001,60,,,,,in_transit,false,41.5588386,-8.4182810,12.18,0.221,-1.336,10.122,0.0016,0.0039,-0.0068,6.24,3.94,1.82,true,87.3,
obstacle_risk_001,scooter_braga_021,2026-05-05T14:01:01Z,simulated,telemetry,scooter,obstacle_risk_001,61,,,,,in_transit,false,41.5588091,-8.4182646,12.78,0.028,0.297,9.517,0.0038,0.0390,-0.0540,3.08,5.79,1.00,true,87.3,
obstacle_risk_001,scooter_braga_021,2026-05-05T14:01:02Z,simulated,telemetry,scooter,obstacle_risk_001,62,,,,,in_transit,false,41.5587737,-8.4182449,15.37,-0.691,0.842,10.060,-0.0197,-0.0176,0.0595,4.18,7.99,2.35,true,87.3,
obstacle_risk_001,scooter_braga_021,2026-05-05T14:01:03Z,simulated,telemetry,scooter,obstacle_risk_001,63,,,,,in_transit,false,41.5587479,-8.4182306,11.18,0.106,-1.665,9.932,0.0449,-0.0037,-0.0503,6.10,4.40,1.75,true,87.3,
obstacle_risk_001,scooter_braga_021,2026-05-05T14:01:04Z,simulated,telemetry,scooter,obstacle_risk_001,64,,,,,in_transit,false,41.5587209,-8.4182156,11.71,0.247,-0.083,9.894,0.0810,-0.0333,-0.0131,3.95,3.72,2.65,true,87.3,
obstacle_risk_001,scooter_braga_021,2026-05-05T14:01:05Z,simulated,telemetry,scooter,obstacle_risk_001,65,,,,,in_transit,false,41.5587010,-8.4182045,8.64,0.730,-1.059,10.043,0.0680,-0.0064,-0.0354,5.99,6.50,2.25,true,87.3,
obstacle_risk_001,scooter_braga_021,2026-05-05T14:01:06Z,simulated,telemetry,scooter,obstacle_risk_001,66,,,,,in_transit,false,41.5586741,-8.4181896,11.63,-0.572,0.860,9.602,0.0299,0.0135,-0.0070,6.13,2.85,0.80,true,87.3,
obstacle_risk_001,scooter_braga_021,2026-05-05T14:01:07Z,simulated,telemetry,scooter,obstacle_risk_001,67,,,,,in_transit,false,41.5586552,-8.4181791,8.22,0.027,-0.905,10.081,0.0377,0.0165,-0.0133,2.78,5.11,1.66,true,87.3,
obstacle_risk_001,scooter_braga_021,2026-05-05T14:01:08Z,simulated,telemetry,scooter,obstacle_risk_001,68,,,,,in_transit,false,41.5586287,-8.4181644,11.48,-0.350,0.992,9.777,0.0035,0.0808,-0.0257,3.64,2.78,2.55,true,87.3,
obstacle_risk_001,scooter_braga_021,2026-05-05T14:01:09Z,simulated,telemetry,scooter,obstacle_risk_001,69,,,,,in_transit,false,41.5586071,-8.4181524,9.35,0.252,-0.529,9.281,0.0096,-0.0422,0.0134,4.89,3.55,2.51,true,87.2,
obstacle_risk_001,scooter_braga_021,2026-05-05T14:01:10Z,simulated,telemetry,scooter,obstacle_risk_001,70,,,,,in_transit,false,41.5585757,-8.4181349,13.64,0.216,1.273,10.031,0.0093,-0.0110,-0.0531,2.40,8.38,1.47,true,87.2,
obstacle_risk_001,scooter_braga_021,2026-05-05T14:01:11Z,simulated,telemetry,scooter,obstacle_risk_001,71,,,,,in_transit,false,41.5585368,-8.4181134,16.84,-0.379,0.933,9.639,-0.0334,0.0014,-0.0043,4.82,7.16,1.18,true,87.2,
obstacle_risk_001,scooter_braga_021,2026-05-05T14:01:12Z,simulated,telemetry,scooter,obstacle_risk_001,72,,,,,in_transit,false,41.5585065,-8.4180965,13.15,0.286,-1.047,10.016,0.0475,-0.0099,0.0153,5.02,5.90,0.95,true,87.2,
obstacle_risk_001,scooter_braga_021,2026-05-05T14:01:13Z,simulated,telemetry,scooter,obstacle_risk_001,73,,,,,in_transit,false,41.5584726,-8.4180777,14.71,0.327,0.510,10.048,0.0572,-0.0095,-0.0319,5.21,3.72,2.49,true,87.2,
obstacle_risk_001,scooter_braga_021,2026-05-05T14:01:14Z,simulated,telemetry,scooter,obstacle_risk_001,74,,,,,in_transit,false,41.5584427,-8.4180605,13.01,-0.322,-0.887,9.886,-0.0124,0.0658,0.0441,2.62,2.42,1.45,true,87.2,
obstacle_risk_001,scooter_braga_021,2026-05-05T14:01:15Z,simulated,telemetry,scooter,obstacle_risk_001,75,,,,,in_transit,false,41.5584167,-8.4180456,11.33,0.358,-0.322,9.739,-0.0264,0.0454,-0.1163,4.15,7.05,2.18,true,87.2,
obstacle_risk_001,scooter_braga_021,2026-05-05T14:01:16Z,simulated,telemetry,scooter,obstacle_risk_001,76,,,,,in_transit,false,41.5583873,-8.4180286,12.82,0.502,0.323,9.622,-0.0076,0.0457,0.0181,2.88,6.62,1.41,true,87.2,
obstacle_risk_001,scooter_braga_021,2026-05-05T14:01:17Z,simulated,telemetry,scooter,obstacle_risk_001,77,,,,,in_transit,false,41.5583608,-8.4180134,11.52,-0.246,-0.361,9.953,0.0113,0.0092,0.0275,5.81,4.65,1.70,true,87.2,
obstacle_risk_001,scooter_braga_021,2026-05-05T14:01:18Z,simulated,telemetry,scooter,obstacle_risk_001,78,,,,,in_transit,false,41.5583274,-8.4179955,14.45,0.077,0.953,9.715,0.0034,-0.0361,-0.0519,5.87,5.55,0.99,true,87.2,
obstacle_risk_001,scooter_braga_021,2026-05-05T14:01:19Z,simulated,telemetry,scooter,obstacle_risk_001,79,,,,,in_transit,false,41.5582863,-8.4179890,16.57,0.079,0.712,9.593,0.0117,-0.0061,0.0061,6.02,4.40,1.11,true,87.2,
obstacle_risk_001,scooter_braga_021,2026-05-05T14:01:20Z,simulated,telemetry,scooter,obstacle_risk_001,80,,,,,in_transit,false,41.5582594,-8.4179848,10.84,-0.215,-1.237,9.766,-0.0418,-0.0365,0.0234,3.36,7.23,0.84,true,87.2,
obstacle_risk_001,scooter_braga_021,2026-05-05T14:01:21Z,simulated,telemetry,scooter,obstacle_risk_001,81,,,,,in_transit,false,41.5582345,-8.4179809,10.06,0.707,-0.332,9.433,-0.0079,-0.0900,-0.0221,4.02,9.42,0.97,true,87.2,
obstacle_risk_001,scooter_braga_021,2026-05-05T14:01:22Z,simulated,telemetry,scooter,obstacle_risk_001,82,,,,,in_transit,false,41.5582048,-8.4179762,11.97,-0.511,0.529,9.624,0.0635,-0.0132,0.0540,2.58,2.39,2.03,true,87.2,
obstacle_risk_001,scooter_braga_021,2026-05-05T14:01:23Z,simulated,telemetry,scooter,obstacle_risk_001,83,,,,,in_transit,false,41.5581763,-8.4179721,11.46,-0.139,-0.196,9.653,0.0070,-0.0042,-0.0785,6.06,8.24,0.87,true,87.2,
obstacle_risk_001,scooter_braga_021,2026-05-05T14:01:24Z,simulated,telemetry,scooter,obstacle_risk_001,84,,,,,in_transit,false,41.5581502,-8.4179685,10.49,-0.550,-0.552,9.855,-0.0089,0.0261,-0.0274,5.82,9.49,1.95,true,87.1,
obstacle_risk_001,scooter_braga_021,2026-05-05T14:01:25Z,simulated,telemetry,scooter,obstacle_risk_001,85,,,,,in_transit,false,41.5581190,-8.4179642,12.57,-0.008,0.429,9.811,0.0482,0.0461,-0.0899,2.29,4.61,2.13,true,87.1,
obstacle_risk_001,scooter_braga_021,2026-05-05T14:01:26Z,simulated,telemetry,scooter,obstacle_risk_001,86,,,,,in_transit,false,41.5580892,-8.4179601,11.98,0.134,-0.105,10.082,-0.0456,-0.0254,0.1108,4.82,7.24,0.74,true,87.1,
obstacle_risk_001,scooter_braga_021,2026-05-05T14:01:27Z,simulated,telemetry,scooter,obstacle_risk_001,87,,,,,in_transit,false,41.5580606,-8.4179562,11.52,-0.034,-0.023,9.532,0.0299,0.0127,0.0035,4.36,9.49,2.10,true,87.1,
obstacle_risk_001,scooter_braga_021,2026-05-05T14:01:28Z,simulated,telemetry,scooter,obstacle_risk_001,88,,,,,in_transit,false,41.5580240,-8.4179512,14.70,0.319,0.999,9.927,0.0019,-0.0111,0.0041,5.55,5.93,0.97,true,87.1,
obstacle_risk_001,scooter_braga_021,2026-05-05T14:01:29Z,simulated,telemetry,scooter,obstacle_risk_001,89,,,,,in_transit,false,41.5579921,-8.4179468,12.85,0.510,-0.281,9.781,-0.0714,0.0275,0.0087,5.98,7.67,2.34,true,87.1,
obstacle_risk_001,scooter_braga_021,2026-05-05T14:01:30Z,simulated,telemetry,scooter,obstacle_risk_001,90,,,,,in_transit,false,41.5579623,-8.4179435,11.97,-0.261,-0.559,9.885,0.0312,-0.0037,0.0008,2.52,3.68,0.81,true,87.1,
obstacle_risk_001,scooter_braga_021,2026-05-05T14:01:31Z,simulated,telemetry,scooter,obstacle_risk_001,91,,,,,in_transit,false,41.5579266,-8.4179445,14.31,-0.235,0.618,9.898,0.0046,0.0623,0.1179,3.05,8.53,2.71,true,87.1,
obstacle_risk_001,scooter_braga_021,2026-05-05T14:01:32Z,simulated,telemetry,scooter,obstacle_risk_001,92,,,,,in_transit,false,41.5578925,-8.4179458,13.66,-0.044,-0.398,9.432,0.0260,0.0596,-0.0075,5.21,6.63,2.07,true,87.1,
obstacle_risk_001,scooter_braga_021,2026-05-05T14:01:33Z,simulated,telemetry,scooter,obstacle_risk_001,93,,,,,in_transit,false,41.5578569,-8.4179473,14.26,0.186,0.441,9.957,0.0014,0.0135,0.0301,6.15,2.28,2.14,true,87.1,
obstacle_risk_001,scooter_braga_021,2026-05-05T14:01:34Z,simulated,telemetry,scooter,obstacle_risk_001,94,,,,,in_transit,false,41.5578243,-8.4179535,13.25,-0.499,0.121,9.625,0.0239,-0.0249,0.0809,2.79,4.88,1.00,true,87.1,
obstacle_risk_001,scooter_braga_021,2026-05-05T14:01:35Z,simulated,telemetry,scooter,obstacle_risk_001,95,,,,,in_transit,false,41.5577986,-8.4179633,10.72,0.568,-0.904,10.042,-0.0474,0.0864,0.0457,5.77,2.20,1.61,true,87.1,
obstacle_risk_001,scooter_braga_021,2026-05-05T14:01:36Z,simulated,telemetry,scooter,obstacle_risk_001,96,,,,,in_transit,false,41.5577707,-8.4179699,11.42,-0.666,0.298,10.047,0.0221,0.0146,-0.1247,6.00,8.94,0.84,true,87.1,
obstacle_risk_001,scooter_braga_021,2026-05-05T14:01:37Z,simulated,telemetry,scooter,obstacle_risk_001,97,,,,,in_transit,false,41.5577342,-8.4179720,14.62,-0.120,0.779,9.806,0.0334,-0.0321,-0.0002,6.40,7.29,1.66,true,87.1,
obstacle_risk_001,scooter_braga_021,2026-05-05T14:01:38Z,simulated,telemetry,scooter,obstacle_risk_001,98,,,,,in_transit,false,41.5577112,-8.4179697,9.29,-0.065,-1.251,9.824,0.0154,0.0038,-0.0021,4.63,9.47,1.80,true,87.1,
obstacle_risk_001,scooter_braga_021,2026-05-05T14:01:39Z,simulated,telemetry,scooter,obstacle_risk_001,99,,,,,in_transit,false,41.5576803,-8.4179616,12.62,-0.040,0.880,9.272,0.0372,0.0293,-0.1160,2.21,7.71,0.89,true,87.1,
obstacle_risk_001,scooter_braga_021,2026-05-05T14:01:40Z,simulated,telemetry,scooter,obstacle_risk_001,100,,,,,in_transit,false,41.5576488,-8.4179482,13.34,0.094,0.141,9.653,0.0305,0.0152,-0.0251,5.68,6.91,2.34,true,87.1,
obstacle_risk_001,scooter_braga_021,2026-05-05T14:01:41Z,simulated,telemetry,scooter,obstacle_risk_001,101,,,,,in_transit,false,41.5576159,-8.4179278,14.53,0.030,0.507,9.904,-0.0067,-0.0564,0.0824,4.62,8.25,1.75,true,87.0,
obstacle_risk_001,scooter_braga_021,2026-05-05T14:01:42Z,simulated,telemetry,scooter,obstacle_risk_001,102,,,,,in_transit,false,41.5575917,-8.4179055,11.82,-0.177,-0.377,9.698,-0.0057,-0.0353,-0.0251,6.08,5.81,2.26,true,87.0,
obstacle_risk_001,scooter_braga_021,2026-05-05T14:01:43Z,simulated,telemetry,scooter,obstacle_risk_001,103,,,,,in_transit,false,41.5575612,-8.4178729,15.63,-0.113,1.412,9.628,0.0331,0.0021,0.0410,3.52,6.81,1.09,true,87.0,
obstacle_risk_001,scooter_braga_021,2026-05-05T14:01:44Z,simulated,telemetry,scooter,obstacle_risk_001,104,,,,,in_transit,false,41.5575400,-8.4178366,13.81,0.129,-0.481,9.461,0.0185,0.0016,0.0157,4.46,3.78,2.20,true,87.0,
obstacle_risk_001,scooter_braga_021,2026-05-05T14:01:45Z,simulated,telemetry,scooter,obstacle_risk_001,105,,,,,in_transit,false,41.5575204,-8.4177994,13.68,0.406,0.186,9.479,0.0307,-0.0043,0.0421,3.31,2.49,1.13,true,87.0,
obstacle_risk_001,scooter_braga_021,2026-05-05T14:01:46Z,simulated,telemetry,scooter,obstacle_risk_001,106,,,,,in_transit,false,41.5575073,-8.4177631,12.06,0.329,-0.409,9.613,0.0191,0.0807,-0.0074,3.83,4.13,2.38,true,87.0,
obstacle_risk_001,scooter_braga_021,2026-05-05T14:01:47Z,simulated,telemetry,scooter,obstacle_risk_001,107,,,,,in_transit,false,41.5574994,-8.4177317,9.97,0.048,-0.609,9.933,-0.0356,-0.0027,0.0580,2.02,3.91,0.73,true,87.0,
obstacle_risk_001,scooter_braga_021,2026-05-05T14:01:48Z,simulated,telemetry,scooter,obstacle_risk_001,108,,,,,in_transit,false,41.5574926,-8.4176992,10.09,-0.233,0.059,9.880,-0.0047,-0.0129,-0.0613,4.91,8.02,1.83,true,87.0,
obstacle_risk_001,scooter_braga_021,2026-05-05T14:01:49Z,simulated,telemetry,scooter,obstacle_risk_001,109,,,,,in_transit,false,41.5574892,-8.4176581,12.41,0.226,0.761,9.645,0.0768,0.0346,-0.0053,3.40,3.71,2.29,true,87.0,
obstacle_risk_001,scooter_braga_021,2026-05-05T14:01:50Z,simulated,telemetry,scooter,obstacle_risk_001,110,,,,,in_transit,false,41.5574783,-8.4176161,13.67,-0.078,0.210,9.352,0.0308,0.0008,0.0987,2.78,7.63,0.75,true,87.0,
obstacle_risk_001,scooter_braga_021,2026-05-05T14:01:51Z,simulated,telemetry,scooter,obstacle_risk_001,111,,,,,in_transit,false,41.5574620,-8.4175816,12.24,-0.035,-0.395,9.780,-0.0034,0.0004,0.0433,4.93,5.28,1.81,true,87.0,
obstacle_risk_001,scooter_braga_021,2026-05-05T14:01:52Z,simulated,telemetry,scooter,obstacle_risk_001,112,,,,,in_transit,false,41.5574438,-8.4175492,12.14,-0.099,0.085,9.926,-0.0205,0.0367,-0.0017,4.76,8.13,1.22,true,87.0,
obstacle_risk_001,scooter_braga_021,2026-05-05T14:01:53Z,simulated,telemetry,scooter,obstacle_risk_001,113,,,,,in_transit,false,41.5574259,-8.4175184,11.67,-0.271,-0.421,9.636,0.0154,0.0156,0.0187,5.41,4.99,0.74,true,87.0,
obstacle_risk_001,scooter_braga_021,2026-05-05T14:01:54Z,simulated,telemetry,scooter,obstacle_risk_001,114,,,,,in_transit,false,41.5574075,-8.4174883,11.75,-0.805,-0.217,9.689,0.0300,0.0927,-0.0286,3.12,0.39,1.32,true,87.0,obstacle_risk
obstacle_risk_001,scooter_braga_021,2026-05-05T14:01:55Z,simulated,telemetry,scooter,obstacle_risk_001,115,,,,,in_transit,false,41.5573766,-8.4174820,12.49,-0.124,-0.011,9.758,-0.0333,-0.0059,0.0127,4.17,0.30,1.28,true,87.0,obstacle_risk
obstacle_risk_001,scooter_braga_021,2026-05-05T14:01:56Z,simulated,telemetry,scooter,obstacle_risk_001,116,,,,,in_transit,false,41.5573408,-8.4174747,14.51,0.307,0.606,9.523,0.0056,0.0571,-0.0688,5.11,0.33,1.10,true,86.9,obstacle_risk
obstacle_risk_001,scooter_braga_021,2026-05-05T14:01:57Z,simulated,telemetry,scooter,obstacle_risk_001,117,,,,,in_transit,false,41.5573153,-8.4174695,10.33,0.252,0.069,9.740,-0.0290,0.0007,-0.0693,6.35,0.27,0.60,true,86.9,obstacle_risk
obstacle_risk_001,scooter_braga_021,2026-05-05T14:01:58Z,simulated,telemetry,scooter,obstacle_risk_001,118,,,,,in_transit,false,41.5572862,-8.4174636,11.78,0.131,0.055,9.952,0.0023,0.0317,-0.0108,3.16,0.35,0.90,true,86.9,obstacle_risk
obstacle_risk_001,scooter_braga_021,2026-05-05T14:01:59Z,simulated,telemetry,scooter,obstacle_risk_001,119,,,,,in_transit,false,41.5572598,-8.4174582,10.71,-0.161,-0.101,9.732,0.0417,0.0150,-0.0129,5.66,0.29,1.21,true,86.9,obstacle_risk
obstacle_risk_001,scooter_braga_021,2026-05-05T14:02:00Z,simulated,telemetry,scooter,obstacle_risk_001,120,,,,,in_transit,false,41.5572380,-8.4174538,8.83,0.424,-0.096,9.832,0.0093,-0.0776,-0.0507,5.64,0.39,0.65,true,86.9,obstacle_risk
obstacle_risk_001,scooter_braga_021,2026-05-05T14:02:01Z,simulated,telemetry,scooter,obstacle_risk_001,121,,,,,in_transit,false,41.5572017,-8.4174464,14.69,-0.018,0.239,10.041,0.0112,0.0533,0.0585,3.33,0.36,0.75,true,86.9,obstacle_risk
obstacle_risk_001,scooter_braga_021,2026-05-05T14:02:02Z,simulated,telemetry,scooter,obstacle_risk_001,122,,,,,in_transit,false,41.5571726,-8.4174404,11.80,-0.393,0.094,9.987,0.0065,0.0661,0.0049,3.68,0.28,1.31,true,86.9,obstacle_risk
obstacle_risk_001,scooter_braga_021,2026-05-05T14:02:03Z,simulated,telemetry,scooter,obstacle_risk_001,123,,,,,in_transit,false,41.5571402,-8.4174339,13.09,0.356,-0.019,9.726,0.0016,0.0116,-0.0455,5.94,3.92,1.36,true,86.9,
obstacle_risk_001,scooter_braga_021,2026-05-05T14:02:04Z,simulated,telemetry,scooter,obstacle_risk_001,124,,,,,in_transit,false,41.5571054,-8.4174268,14.12,-0.081,0.223,10.141,0.0115,0.0144,0.0227,3.50,6.60,1.05,true,86.9,
obstacle_risk_001,scooter_braga_021,2026-05-05T14:02:05Z,simulated,telemetry,scooter,obstacle_risk_001,125,,,,,in_transit,false,41.5570715,-8.4174198,13.73,0.077,-0.395,9.798,0.0381,0.0728,-0.0195,3.72,7.73,0.81,true,86.9,
obstacle_risk_001,scooter_braga_021,2026-05-05T14:02:06Z,simulated,telemetry,scooter,obstacle_risk_001,126,,,,,in_transit,false,41.5570378,-8.4174130,13.65,0.098,-0.298,9.796,0.0105,0.0330,0.0476,6.48,2.75,1.33,true,86.9,
obstacle_risk_001,scooter_braga_021,2026-05-05T14:02:07Z,simulated,telemetry,scooter,obstacle_risk_001,127,,,,,in_transit,false,41.5570076,-8.4174068,12.20,0.213,-0.463,9.854,-0.0409,0.0637,0.0308,5.06,7.79,2.40,true,86.9,
obstacle_risk_001,scooter_braga_021,2026-05-05T14:02:08Z,simulated,telemetry,scooter,obstacle_risk_001,128,,,,,in_transit,false,41.5569780,-8.4174008,11.99,0.329,-0.073,9.733,-0.0107,0.0055,-0.0172,6.21,6.49,2.27,true,86.9,
obstacle_risk_001,scooter_braga_021,2026-05-05T14:02:09Z,simulated,telemetry,scooter,obstacle_risk_001,129,,,,,in_transit,false,41.5569420,-8.4173935,14.59,-0.660,0.818,9.451,0.0144,0.0495,-0.1165,4.71,8.23,0.80,true,86.9,
obstacle_risk_001,scooter_braga_021,2026-05-05T14:02:10Z,simulated,telemetry,scooter,obstacle_risk_001,130,,,,,in_transit,false,41.5569025,-8.4173854,15.99,0.483,0.600,9.646,0.0462,-0.0070,0.0458,3.98,8.09,0.87,true,86.9,
obstacle_risk_001,scooter_braga_021,2026-05-05T14:02:11Z,simulated,telemetry,scooter,obstacle_risk_001,131,,,,,in_transit,false,41.5568718,-8.4173792,12.43,0.387,-1.064,9.757,0.0206,0.0100,0.0168,4.68,4.22,2.75,true,86.9,
obstacle_risk_001,scooter_braga_021,2026-05-05T14:02:12Z,simulated,telemetry,scooter,obstacle_risk_001,132,,,,,in_transit,false,41.5568426,-8.4173732,11.83,-0.096,-0.695,9.888,0.0128,0.0195,0.0190,5.14,2.46,2.25,true,86.9,
obstacle_risk_001,scooter_braga_021,2026-05-05T14:02:13Z,simulated,telemetry,scooter,obstacle_risk_001,133,,,,,in_transit,false,41.5568048,-8.4173655,15.32,0.242,1.034,9.936,-0.0441,-0.0234,0.0002,5.44,4.60,1.31,true,86.9,
obstacle_risk_001,scooter_braga_021,2026-05-05T14:02:14Z,simulated,telemetry,scooter,obstacle_risk_001,134,,,,,in_transit,false,41.5567793,-8.4173603,10.33,0.690,-1.462,10.024,0.0046,0.0760,0.0420,6.35,5.71,0.78,true,86.8,
obstacle_risk_001,scooter_braga_021,2026-05-05T14:02:15Z,simulated,telemetry,scooter,obstacle_risk_001,135,,,,,in_transit,false,41.5567484,-8.4173540,12.51,0.131,0.633,9.478,-0.0471,0.0106,0.0530,3.15,8.08,1.86,true,86.8,
obstacle_risk_001,scooter_braga_021,2026-05-05T14:02:16Z,simulated,telemetry,scooter,obstacle_risk_001,136,,,,,in_transit,false,41.5567201,-8.4173483,11.45,0.353,-0.440,9.753,-0.0033,0.0091,-0.0009,2.89,4.00,1.08,true,86.8,
obstacle_risk_001,scooter_braga_021,2026-05-05T14:02:17Z,simulated,telemetry,scooter,obstacle_risk_001,137,,,,,in_transit,false,41.5566897,-8.4173421,12.32,0.092,-0.056,9.801,0.0121,-0.0007,-0.0583,5.41,8.68,2.09,true,86.8,
obstacle_risk_001,scooter_braga_021,2026-05-05T14:02:18Z,simulated,telemetry,scooter,obstacle_risk_001,138,,,,,in_transit,false,41.5566687,-8.4173378,8.49,0.656,-0.918,9.774,-0.0188,0.0086,-0.0591,6.18,6.21,1.98,true,86.8,
obstacle_risk_001,scooter_braga_021,2026-05-05T14:02:19Z,simulated,telemetry,scooter,obstacle_risk_001,139,,,,,in_transit,false,41.5566390,-8.4173317,12.01,0.455,1.331,9.518,-0.0094,0.0338,-0.0009,4.18,8.24,1.05,true,86.8,
obstacle_risk_001,scooter_braga_021,2026-05-05T14:02:20Z,simulated,telemetry,scooter,obstacle_risk_001,140,,,,,in_transit,false,41.5565997,-8.4173237,15.93,-0.227,1.113,9.739,0.0144,-0.0038,-0.0678,4.69,6.16,2.10,true,86.8,
obstacle_risk_001,scooter_braga_021,2026-05-05T14:02:21Z,simulated,telemetry,scooter,obstacle_risk_001,141,,,,,in_transit,false,41.5565674,-8.4173163,13.12,0.573,-0.584,9.894,-0.0309,-0.0099,0.0243,2.38,4.24,2.58,true,86.8,
obstacle_risk_001,scooter_braga_021,2026-05-05T14:02:22Z,simulated,telemetry,scooter,obstacle_risk_001,142,,,,,in_transit,false,41.5565320,-8.4173075,14.42,-0.108,0.286,9.861,-0.0031,0.0315,-0.0061,2.33,8.25,1.61,true,86.8,
obstacle_risk_001,scooter_braga_021,2026-05-05T14:02:23Z,simulated,telemetry,scooter,obstacle_risk_001,143,,,,,in_transit,false,41.5565004,-8.4172997,12.88,0.176,-0.558,10.125,0.0074,0.0575,-0.0585,5.51,4.74,1.63,true,86.8,
obstacle_risk_001,scooter_braga_021,2026-05-05T14:02:24Z,simulated,telemetry,scooter,obstacle_risk_001,144,,,,,in_transit,false,41.5564718,-8.4172926,11.63,-0.199,0.230,9.911,0.0099,-0.0281,-0.0242,5.15,8.28,1.01,true,86.8,
obstacle_risk_001,scooter_braga_021,2026-05-05T14:02:25Z,simulated,telemetry,scooter,obstacle_risk_001,145,,,,,in_transit,false,41.5564453,-8.4172861,10.78,-0.116,-0.080,9.866,0.0195,-0.0145,-0.0624,2.03,8.72,1.78,true,86.8,
obstacle_risk_001,scooter_braga_021,2026-05-05T14:02:26Z,simulated,telemetry,scooter,obstacle_risk_001,146,,,,,in_transit,false,41.5564202,-8.4172798,10.23,-0.537,-0.136,9.552,-0.0165,-0.0544,0.0313,3.48,2.25,0.71,true,86.8,
obstacle_risk_001,scooter_braga_021,2026-05-05T14:02:27Z,simulated,telemetry,scooter,obstacle_risk_001,147,,,,,in_transit,false,41.5563921,-8.4172729,11.42,0.003,0.209,9.903,-0.0130,-0.0252,-0.0216,4.15,4.07,2.73,true,86.8,
obstacle_risk_001,scooter_braga_021,2026-05-05T14:02:28Z,simulated,telemetry,scooter,obstacle_risk_001,148,,,,,in_transit,false,41.5563608,-8.4172651,12.76,-0.336,0.302,10.055,-0.0249,0.0241,0.0044,4.55,2.98,1.53,true,86.8,
obstacle_risk_001,scooter_braga_021,2026-05-05T14:02:29Z,simulated,telemetry,scooter,obstacle_risk_001,149,,,,,in_transit,false,41.5563307,-8.4172577,12.26,0.069,-0.250,9.537,0.0690,0.0337,0.0617,2.81,4.37,2.73,true,86.7,
obstacle_risk_001,scooter_braga_021,2026-05-05T14:02:30Z,simulated,telemetry,scooter,obstacle_risk_001,150,,,,,in_transit,false,41.5563002,-8.4172501,12.43,0.395,0.059,10.229,0.0617,0.0564,0.0956,5.31,3.33,0.87,true,86.7,
obstacle_risk_001,scooter_braga_021,2026-05-05T14:02:31Z,simulated,telemetry,scooter,obstacle_risk_001,151,,,,,in_transit,false,41.5562594,-8.4172400,16.60,0.443,1.041,10.004,-0.0288,-0.0027,-0.0468,3.89,2.92,2.14,true,86.7,
obstacle_risk_001,scooter_braga_021,2026-05-05T14:02:32Z,simulated,telemetry,scooter,obstacle_risk_001,152,,,,,in_transit,false,41.5562352,-8.4172340,9.85,0.259,-1.743,9.634,0.0084,-0.0991,-0.0246,3.09,8.58,1.93,true,86.7,
obstacle_risk_001,scooter_braga_021,2026-05-05T14:02:33Z,simulated,telemetry,scooter,obstacle_risk_001,153,,,,,in_transit,false,41.5562024,-8.4172259,13.34,0.400,1.097,9.408,-0.0288,-0.0372,0.0553,3.54,5.48,1.12,true,86.7,
obstacle_risk_001,scooter_braga_021,2026-05-05T14:02:34Z,simulated,telemetry,scooter,obstacle_risk_001,154,,,,,in_transit,false,41.5561755,-8.4172192,10.96,0.045,-0.741,9.904,-0.0191,-0.0326,0.0423,6.32,8.18,2.02,true,86.7,
obstacle_risk_001,scooter_braga_021,2026-05-05T14:02:35Z,simulated,telemetry,scooter,obstacle_risk_001,155,,,,,in_transit,false,41.5561443,-8.4172115,12.69,0.107,0.288,9.501,0.0404,0.0247,0.0176,2.16,9.24,0.76,true,86.7,
obstacle_risk_001,scooter_braga_021,2026-05-05T14:02:36Z,simulated,telemetry,scooter,obstacle_risk_001,156,,,,,in_transit,false,41.5561142,-8.4172040,12.26,0.222,-0.379,9.827,0.0025,0.0287,-0.0260,3.74,5.95,0.77,true,86.7,
obstacle_risk_001,scooter_braga_021,2026-05-05T14:02:37Z,simulated,telemetry,scooter,obstacle_risk_001,157,,,,,in_transit,false,41.5560880,-8.4171975,10.65,0.403,-0.306,9.713,0.0245,0.0138,-0.0799,2.91,5.54,1.44,true,86.7,
obstacle_risk_001,scooter_braga_021,2026-05-05T14:02:38Z,simulated,telemetry,scooter,obstacle_risk_001,158,,,,,in_transit,false,41.5560600,-8.4171906,11.40,0.439,0.295,9.504,-0.0232,0.0203,0.0088,4.44,4.27,2.16,true,86.7,
obstacle_risk_001,scooter_braga_021,2026-05-05T14:02:39Z,simulated,telemetry,scooter,obstacle_risk_001,159,,,,,in_transit,false,41.5560280,-8.4171827,13.05,0.096,0.707,10.011,0.0140,-0.0779,0.0723,5.93,5.94,2.61,true,86.7,
obstacle_risk_001,scooter_braga_021,2026-05-05T14:02:40Z,simulated,telemetry,scooter,obstacle_risk_001,160,,,,,in_transit,false,41.5559937,-8.4171744,13.94,0.169,0.110,9.985,-0.0549,0.0304,0.0481,5.47,9.09,1.77,true,86.7,
obstacle_risk_001,scooter_braga_021,2026-05-05T14:02:41Z,simulated,telemetry,scooter,obstacle_risk_001,161,,,,,in_transit,false,41.5559612,-8.4171666,13.21,-0.302,-0.028,9.695,-0.0197,-0.0556,-0.0264,4.62,8.95,1.51,true,86.7,
obstacle_risk_001,scooter_braga_021,2026-05-05T14:02:42Z,simulated,telemetry,scooter,obstacle_risk_001,162,,,,,in_transit,false,41.5559339,-8.4171601,11.12,0.744,-0.406,9.441,0.0500,0.0548,-0.0068,2.33,6.62,1.64,true,86.7,
obstacle_risk_001,scooter_braga_021,2026-05-05T14:02:43Z,simulated,telemetry,scooter,obstacle_risk_001,163,,,,,in_transit,false,41.5559030,-8.4171527,12.55,0.344,0.713,9.953,-0.0027,-0.0037,-0.0688,4.34,4.50,2.53,true,86.7,
obstacle_risk_001,scooter_braga_021,2026-05-05T14:02:44Z,simulated,telemetry,scooter,obstacle_risk_001,164,,,,,in_transit,false,41.5558730,-8.4171455,12.23,0.147,-0.039,9.455,0.0017,-0.0588,-0.0359,6.32,5.74,2.35,true,86.7,
obstacle_risk_001,scooter_braga_021,2026-05-05T14:02:45Z,simulated,telemetry,scooter,obstacle_risk_001,165,,,,,in_transit,false,41.5558354,-8.4171366,15.26,0.295,0.665,9.972,0.0507,-0.0047,-0.0722,2.20,9.35,1.56,true,86.6,
obstacle_risk_001,scooter_braga_021,2026-05-05T14:02:46Z,simulated,telemetry,scooter,obstacle_risk_001,166,,,,,in_transit,false,41.5557994,-8.4171280,14.65,-0.199,-0.085,10.047,0.0453,-0.0012,0.0579,3.83,8.66,2.41,true,86.6,
obstacle_risk_001,scooter_braga_021,2026-05-05T14:02:47Z,simulated,telemetry,scooter,obstacle_risk_001,167,,,,,in_transit,false,41.5557704,-8.4171210,11.78,0.166,-0.717,10.230,-0.0271,-0.0087,-0.1156,5.50,6.99,1.64,true,86.6,
obstacle_risk_001,scooter_braga_021,2026-05-05T14:02:48Z,simulated,telemetry,scooter,obstacle_risk_001,168,,,,,in_transit,false,41.5557411,-8.4171141,11.91,0.861,0.427,9.824,-0.0028,0.0014,0.0685,2.63,8.46,2.41,true,86.6,
obstacle_risk_001,scooter_braga_021,2026-05-05T14:02:49Z,simulated,telemetry,scooter,obstacle_risk_001,169,,,,,in_transit,false,41.5557149,-8.4171078,10.68,0.053,-0.280,9.676,0.0222,-0.0186,0.0307,4.80,5.63,0.85,true,86.6,
obstacle_risk_001,scooter_braga_021,2026-05-05T14:02:50Z,simulated,telemetry,scooter,obstacle_risk_001,170,,,,,in_transit,false,41.5556842,-8.4171005,12.49,0.246,0.558,10.084,0.0490,0.0114,-0.0015,4.65,6.60,1.44,true,86.6,
obstacle_risk_001,scooter_braga_021,2026-05-05T14:02:51Z,simulated,telemetry,scooter,obstacle_risk_001,171,,,,,in_transit,false,41.5556448,-8.4170911,16.00,-0.351,1.135,9.714,0.0563,-0.0054,0.0231,3.97,8.38,2.39,true,86.6,
obstacle_risk_001,scooter_braga_021,2026-05-05T14:02:52Z,simulated,telemetry,scooter,obstacle_risk_001,172,,,,,in_transit,false,41.5556140,-8.4170837,12.51,-0.068,-0.908,9.676,-0.0199,0.0131,0.0693,3.38,6.50,2.21,true,86.6,
obstacle_risk_001,scooter_braga_021,2026-05-05T14:02:53Z,simulated,telemetry,scooter,obstacle_risk_001,173,,,,,in_transit,false,41.5555837,-8.4170765,12.34,-0.352,-0.224,9.826,0.0245,0.0135,0.0347,2.34,9.15,2.61,true,86.6,
obstacle_risk_001,scooter_braga_021,2026-05-05T14:02:54Z,simulated,telemetry,scooter,obstacle_risk_001,174,,,,,in_transit,false,41.5555490,-8.4170682,14.11,0.049,0.543,9.850,-0.0216,-0.0228,0.0139,3.56,6.46,1.30,true,86.6,
obstacle_risk_001,scooter_braga_021,2026-05-05T14:02:55Z,simulated,telemetry,scooter,obstacle_risk_001,175,,,,,in_transit,false,41.5555157,-8.4170603,13.53,0.315,-0.290,10.062,-0.0088,-0.0417,-0.0046,6.36,4.38,1.49,true,86.6,
obstacle_risk_001,scooter_braga_021,2026-05-05T14:02:56Z,simulated,telemetry,scooter,obstacle_risk_001,176,,,,,in_transit,false,41.5554835,-8.4170526,13.12,0.262,-0.246,9.997,-0.0374,-0.0171,-0.0845,5.64,3.98,2.01,true,86.6,
obstacle_risk_001,scooter_braga_021,2026-05-05T14:02:57Z,simulated,telemetry,scooter,obstacle_risk_001,177,,,,,in_transit,false,41.5554555,-8.4170474,11.30,-0.149,-0.305,9.756,-0.0077,0.0329,0.0210,2.92,2.37,0.75,true,86.6,
obstacle_risk_001,scooter_braga_021,2026-05-05T14:02:58Z,simulated,telemetry,scooter,obstacle_risk_001,178,,,,,in_transit,false,41.5554243,-8.4170424,12.58,-0.280,0.506,9.769,-0.0081,0.0218,-0.0267,2.61,8.04,1.44,true,86.6,
obstacle_risk_001,scooter_braga_021,2026-05-05T14:02:59Z,simulated,telemetry,scooter,obstacle_risk_001,179,,,,,in_transit,false,41.5553935,-8.4170374,12.43,0.196,0.018,9.787,0.0173,-0.0153,0.0693,5.49,8.07,2.60,true,86.6,
obstacle_risk_001,scooter_braga_021,2026-05-05T14:03:00Z,simulated,telemetry,scooter,obstacle_risk_001,180,,,,,in_transit,false,41.5553632,-8.4170325,12.22,-0.058,0.046,9.743,-0.0136,0.0260,-0.0708,2.28,3.07,0.80,true,86.6,
obstacle_risk_001,scooter_braga_021,2026-05-05T14:03:01Z,simulated,telemetry,scooter,obstacle_risk_001,181,,,,,in_transit,false,41.5553309,-8.4170272,13.04,0.089,0.327,9.630,-0.0050,-0.0330,0.0719,4.45,8.69,1.75,true,86.5,
obstacle_risk_001,scooter_braga_021,2026-05-05T14:03:02Z,simulated,telemetry,scooter,obstacle_risk_001,182,,,,,in_transit,false,41.5552997,-8.4170222,12.58,-0.064,-0.628,9.990,0.0143,0.0303,0.0241,4.61,5.07,1.78,true,86.5,
obstacle_risk_001,scooter_braga_021,2026-05-05T14:03:03Z,simulated,telemetry,scooter,obstacle_risk_001,183,,,,,in_transit,false,41.5552680,-8.4170171,12.79,-0.067,-0.052,9.639,-0.0261,0.0427,-0.0161,3.45,3.77,0.78,true,86.5,
obstacle_risk_001,scooter_braga_021,2026-05-05T14:03:04Z,simulated,telemetry,scooter,obstacle_risk_001,184,,,,,in_transit,false,41.5552400,-8.4170145,11.22,0.236,-0.169,9.644,0.0099,0.0625,0.1375,4.55,9.21,1.34,true,86.5,
obstacle_risk_001,scooter_braga_021,2026-05-05T14:03:05Z,simulated,telemetry,scooter,obstacle_risk_001,185,,,,,in_transit,false,41.5552148,-8.4170121,10.12,0.268,-0.185,10.190,0.0326,0.0028,0.0701,3.10,2.54,1.13,true,86.5,
obstacle_risk_001,scooter_braga_021,2026-05-05T14:03:06Z,simulated,telemetry,scooter,obstacle_risk_001,186,,,,,in_transit,false,41.5551826,-8.4170092,12.93,-0.364,0.963,10.524,0.0535,-0.0055,0.0576,2.01,4.08,0.99,true,86.5,
obstacle_risk_001,scooter_braga_021,2026-05-05T14:03:07Z,simulated,telemetry,scooter,obstacle_risk_001,187,,,,,in_transit,false,41.5551543,-8.4170065,11.35,-0.024,-0.465,10.190,0.0492,0.0457,-0.0282,3.24,7.44,1.44,true,86.5,
obstacle_risk_001,scooter_braga_021,2026-05-05T14:03:08Z,simulated,telemetry,scooter,obstacle_risk_001,188,,,,,in_transit,false,41.5551272,-8.4170040,10.88,-0.678,-0.482,9.838,-0.0256,0.0253,-0.0834,5.19,2.59,1.66,true,86.5,
obstacle_risk_001,scooter_braga_021,2026-05-05T14:03:09Z,simulated,telemetry,scooter,obstacle_risk_001,189,,,,,in_transit,false,41.5550922,-8.4170008,14.01,0.146,0.983,9.921,-0.0412,-0.0398,-0.0174,3.75,9.34,1.82,true,86.5,
obstacle_risk_001,scooter_braga_021,2026-05-05T14:03:10Z,simulated,telemetry,scooter,obstacle_risk_001,190,,,,,in_transit,false,41.5550601,-8.4169979,12.90,-0.531,-0.152,10.164,0.0379,-0.0176,-0.0425,4.39,6.99,2.73,true,86.5,
obstacle_risk_001,scooter_braga_021,2026-05-05T14:03:11Z,simulated,telemetry,scooter,obstacle_risk_001,191,,,,,in_transit,false,41.5550213,-8.4169943,15.56,-0.667,0.914,9.791,-0.0057,0.0003,-0.0709,6.37,9.34,1.35,true,86.5,
obstacle_risk_001,scooter_braga_021,2026-05-05T14:03:12Z,simulated,telemetry,scooter,obstacle_risk_001,192,,,,,in_transit,false,41.5549812,-8.4169941,16.05,0.317,0.216,10.314,0.0107,0.0164,-0.0894,3.96,8.15,1.73,true,86.5,
obstacle_risk_001,scooter_braga_021,2026-05-05T14:03:13Z,simulated,telemetry,scooter,obstacle_risk_001,193,,,,,in_transit,false,41.5549507,-8.4169945,12.24,-0.255,-1.117,9.961,0.0037,0.0353,-0.0378,2.65,4.66,2.34,true,86.5,
obstacle_risk_001,scooter_braga_021,2026-05-05T14:03:14Z,simulated,telemetry,scooter,obstacle_risk_001,194,,,,,in_transit,false,41.5549147,-8.4169950,14.41,0.146,0.634,9.976,0.0166,0.0799,0.0362,3.06,6.34,2.00,true,86.5,
obstacle_risk_001,scooter_braga_021,2026-05-05T14:03:15Z,simulated,telemetry,scooter,obstacle_risk_001,195,,,,,in_transit,false,41.5548868,-8.4169954,11.15,0.027,-0.721,9.672,-0.0205,0.0298,0.0027,4.12,3.73,2.32,true,86.4,
obstacle_risk_001,scooter_braga_021,2026-05-05T14:03:16Z,simulated,telemetry,scooter,obstacle_risk_001,196,,,,,in_transit,false,41.5548589,-8.4169958,11.17,0.416,0.067,9.959,0.0278,0.0097,0.0211,4.58,6.44,2.70,true,86.4,
obstacle_risk_001,scooter_braga_021,2026-05-05T14:03:17Z,simulated,telemetry,scooter,obstacle_risk_001,197,,,,,in_transit,false,41.5548214,-8.4169964,15.02,0.426,1.297,9.438,0.0008,0.0168,-0.0949,3.05,6.97,2.68,true,86.4,
obstacle_risk_001,scooter_braga_021,2026-05-05T14:03:18Z,simulated,telemetry,scooter,obstacle_risk_001,198,,,,,in_transit,false,41.5547923,-8.4169968,11.62,-0.498,-0.889,9.811,-0.0577,-0.0052,-0.0694,5.02,9.47,1.55,true,86.4,
obstacle_risk_001,scooter_braga_021,2026-05-05T14:03:19Z,simulated,telemetry,scooter,obstacle_risk_001,199,,,,,in_transit,false,41.5547583,-8.4169973,13.61,0.572,0.715,9.487,0.0602,0.0375,-0.0241,5.15,6.77,2.28,true,86.4,
obstacle_risk_001,scooter_braga_021,2026-05-05T14:03:20Z,simulated,telemetry,scooter,obstacle_risk_001,200,,,,,in_transit,false,41.5547309,-8.4169978,11.00,-0.071,-0.675,9.784,0.0051,-0.0345,-0.0358,6.36,2.72,2.66,true,86.4,
obstacle_risk_001,scooter_braga_021,2026-05-05T14:03:21Z,simulated,telemetry,scooter,obstacle_risk_001,201,,,,,in_transit,false,41.5547044,-8.4169983,10.60,-0.591,-0.197,9.544,-0.0517,-0.0141,0.0223,6.07,9.44,1.93,true,86.4,
obstacle_risk_001,scooter_braga_021,2026-05-05T14:03:22Z,simulated,telemetry,scooter,obstacle_risk_001,202,,,,,in_transit,false,41.5546784,-8.4169989,10.41,0.106,-0.227,10.095,0.0049,-0.0100,-0.0485,6.08,9.33,2.51,true,86.4,
obstacle_risk_001,scooter_braga_021,2026-05-05T14:03:23Z,simulated,telemetry,scooter,obstacle_risk_001,203,,,,,in_transit,false,41.5546431,-8.4169996,14.11,0.258,0.923,9.633,0.0297,-0.0202,-0.0431,5.93,3.36,2.48,true,86.4,
obstacle_risk_001,scooter_braga_021,2026-05-05T14:03:24Z,simulated,telemetry,scooter,obstacle_risk_001,204,,,,,in_transit,false,41.5546059,-8.4170018,14.94,-0.197,0.293,9.680,-0.0593,-0.0307,-0.0902,2.17,7.80,2.01,true,86.4,
obstacle_risk_001,scooter_braga_021,2026-05-05T14:03:25Z,simulated,telemetry,scooter,obstacle_risk_001,205,,,,,in_transit,false,41.5545748,-8.4170038,12.47,0.012,-0.634,9.672,-0.0036,0.0005,0.0537,5.94,8.76,1.45,true,86.4,
obstacle_risk_001,scooter_braga_021,2026-05-05T14:03:26Z,simulated,telemetry,scooter,obstacle_risk_001,206,,,,,in_transit,false,41.5545444,-8.4170059,12.19,-0.288,0.002,9.908,0.0346,-0.0300,-0.0050,4.32,7.65,2.12,true,86.4,
obstacle_risk_001,scooter_braga_021,2026-05-05T14:03:27Z,simulated,telemetry,scooter,obstacle_risk_001,207,,,,,in_transit,false,41.5545155,-8.4170078,11.58,0.062,-0.213,9.815,-0.0265,0.0085,-0.0648,2.45,3.04,2.24,true,86.4,
obstacle_risk_001,scooter_braga_021,2026-05-05T14:03:28Z,simulated,telemetry,scooter,obstacle_risk_001,208,,,,,in_transit,false,41.5544790,-8.4170102,14.60,-0.029,1.152,9.769,-0.0272,0.0073,-0.1180,5.56,2.30,1.88,true,86.3,
obstacle_risk_001,scooter_braga_021,2026-05-05T14:03:29Z,simulated,telemetry,scooter,obstacle_risk_001,209,,,,,in_transit,false,41.5544542,-8.4170118,9.97,0.881,-1.417,9.393,-0.0533,0.0017,-0.0320,3.25,5.07,0.79,true,86.3,
obstacle_risk_001,scooter_braga_021,2026-05-05T14:03:30Z,simulated,telemetry,scooter,obstacle_risk_001,210,,,,,in_transit,false,41.5544245,-8.4170138,11.91,-0.135,0.613,9.858,0.0024,0.0535,-0.0931,3.89,8.56,1.92,true,86.3,
obstacle_risk_001,scooter_braga_021,2026-05-05T14:03:31Z,simulated,telemetry,scooter,obstacle_risk_001,211,,,,,in_transit,false,41.5543941,-8.4170150,12.15,-0.608,0.219,9.651,0.0452,0.0145,-0.0103,5.45,7.78,1.45,true,86.3,
obstacle_risk_001,scooter_braga_021,2026-05-05T14:03:32Z,simulated,telemetry,scooter,obstacle_risk_001,212,,,,,in_transit,false,41.5543621,-8.4170162,12.81,-0.191,0.030,9.759,-0.0082,-0.0508,0.0083,4.40,4.68,0.90,true,86.3,
obstacle_risk_001,scooter_braga_021,2026-05-05T14:03:33Z,simulated,telemetry,scooter,obstacle_risk_001,213,,,,,in_transit,false,41.5543312,-8.4170173,12.40,0.092,0.012,10.035,-0.0403,0.0253,-0.0484,4.69,6.57,1.21,true,86.3,
obstacle_risk_001,scooter_braga_021,2026-05-05T14:03:34Z,simulated,telemetry,scooter,obstacle_risk_001,214,,,,,in_transit,false,41.5542980,-8.4170185,13.30,0.367,0.574,10.333,0.0301,0.0334,0.0022,2.41,6.03,1.13,true,86.3,
obstacle_risk_001,scooter_braga_021,2026-05-05T14:03:35Z,simulated,telemetry,scooter,obstacle_risk_001,215,,,,,in_transit,false,41.5542657,-8.4170197,12.94,0.013,-0.145,9.899,-0.0329,-0.0182,0.0019,3.95,3.95,1.88,true,86.3,
obstacle_risk_001,scooter_braga_021,2026-05-05T14:03:36Z,simulated,telemetry,scooter,obstacle_risk_001,216,,,,,in_transit,false,41.5542379,-8.4170207,11.13,0.070,-0.168,10.013,-0.0674,-0.0349,-0.0465,4.25,7.04,1.52,true,86.3,
obstacle_risk_001,scooter_braga_021,2026-05-05T14:03:37Z,simulated,telemetry,scooter,obstacle_risk_001,217,,,,,in_transit,false,41.5542015,-8.4170220,14.55,-0.114,0.824,9.974,-0.0201,-0.0365,0.0180,2.56,7.11,2.17,true,86.3,
obstacle_risk_001,scooter_braga_021,2026-05-05T14:03:38Z,simulated,telemetry,scooter,obstacle_risk_001,218,,,,,in_transit,false,41.5541701,-8.4170231,12.58,-0.072,-0.811,9.826,0.0117,0.0226,0.0186,2.81,8.34,1.00,true,86.3,
obstacle_risk_001,scooter_braga_021,2026-05-05T14:03:39Z,simulated,telemetry,scooter,obstacle_risk_001,219,,,,,in_transit,false,41.5541440,-8.4170242,10.48,-0.223,-0.525,9.982,0.0073,0.0030,-0.0266,2.74,7.10,1.00,true,86.3,
obstacle_risk_001,scooter_braga_021,2026-05-05T14:03:40Z,simulated,telemetry,scooter,obstacle_risk_001,220,,,,,in_transit,false,41.5541132,-8.4170257,12.33,0.260,0.365,9.538,0.0021,-0.0093,-0.0657,4.92,7.24,1.92,true,86.3,
obstacle_risk_001,scooter_braga_021,2026-05-05T14:03:41Z,simulated,telemetry,scooter,obstacle_risk_001,221,,,,,in_transit,false,41.5540836,-8.4170272,11.84,-0.029,-0.645,9.885,0.0619,0.0100,-0.0285,2.97,7.53,2.32,true,86.3,
obstacle_risk_001,scooter_braga_021,2026-05-05T14:03:42Z,simulated,telemetry,scooter,obstacle_risk_001,222,,,,,in_transit,false,41.5540593,-8.4170284,9.75,0.786,-0.684,9.855,-0.0218,0.0134,-0.0534,5.33,2.73,1.65,true,86.2,
obstacle_risk_001,scooter_braga_021,2026-05-05T14:03:43Z,simulated,telemetry,scooter,obstacle_risk_001,223,,,,,in_transit,false,41.5540299,-8.4170299,11.78,-0.867,0.745,9.746,0.0078,-0.0163,0.0587,5.35,5.79,1.80,true,86.2,
obstacle_risk_001,scooter_braga_021,2026-05-05T14:03:44Z,simulated,telemetry,scooter,obstacle_risk_001,224,,,,,in_transit,false,41.5540021,-8.4170313,11.13,0.207,-0.193,10.058,-0.0252,0.0740,0.0422,2.63,9.11,1.61,true,86.2,
obstacle_risk_001,scooter_braga_021,2026-05-05T14:03:45Z,simulated,telemetry,scooter,obstacle_risk_001,225,,,,,in_transit,false,41.5539712,-8.4170329,12.37,-0.035,0.677,9.582,-0.0382,0.0369,0.0012,6.04,4.40,2.23,true,86.2,
obstacle_risk_001,scooter_braga_021,2026-05-05T14:03:46Z,simulated,telemetry,scooter,obstacle_risk_001,226,,,,,in_transit,false,41.5539403,-8.4170344,12.39,0.531,-0.133,9.907,-0.0078,0.0514,0.0525,2.78,5.46,1.77,true,86.2,
obstacle_risk_001,scooter_braga_021,2026-05-05T14:03:47Z,simulated,telemetry,scooter,obstacle_risk_001,227,,,,,in_transit,false,41.5539079,-8.4170361,12.98,-0.196,0.029,9.846,0.0030,0.0008,0.0029,6.47,3.33,1.47,true,86.2,
obstacle_risk_001,scooter_braga_021,2026-05-05T14:03:48Z,simulated,telemetry,scooter,obstacle_risk_001,228,,,,,in_transit,false,41.5538787,-8.4170375,11.70,-0.340,-0.397,9.930,0.0205,-0.0468,-0.0050,2.24,3.54,1.57,true,86.2,
obstacle_risk_001,scooter_braga_021,2026-05-05T14:03:49Z,simulated,telemetry,scooter,obstacle_risk_001,229,,,,,in_transit,false,41.5538397,-8.4170395,15.61,-0.049,1.104,10.159,0.0288,0.0222,0.0561,3.75,2.99,0.90,true,86.2,
obstacle_risk_001,scooter_braga_021,2026-05-05T14:03:50Z,simulated,telemetry,scooter,obstacle_risk_001,230,,,,,in_transit,false,41.5538132,-8.4170409,10.62,0.056,-1.039,9.333,0.0614,0.0196,0.0358,3.18,7.04,1.16,true,86.2,
obstacle_risk_001,scooter_braga_021,2026-05-05T14:03:51Z,simulated,telemetry,scooter,obstacle_risk_001,231,,,,,in_transit,false,41.5537802,-8.4170425,13.19,0.009,0.701,9.845,-0.0290,-0.0648,0.1103,2.36,7.95,1.36,true,86.2,
obstacle_risk_001,scooter_braga_021,2026-05-05T14:03:52Z,simulated,telemetry,scooter,obstacle_risk_001,232,,,,,in_transit,false,41.5537531,-8.4170439,10.88,0.232,-0.637,9.560,-0.0217,0.0199,-0.0671,5.23,7.32,1.78,true,86.2,
obstacle_risk_001,scooter_braga_021,2026-05-05T14:03:53Z,simulated,telemetry,scooter,obstacle_risk_001,233,,,,,in_transit,false,41.5537273,-8.4170452,10.34,0.682,-0.122,9.556,0.0002,-0.0206,0.0217,2.74,4.87,2.73,true,86.2,
obstacle_risk_001,scooter_braga_021,2026-05-05T14:03:54Z,simulated,telemetry,scooter,obstacle_risk_001,234,,,,,in_transit,false,41.5536973,-8.4170467,12.03,0.155,0.337,9.893,-0.0000,0.0541,-0.1484,5.41,5.10,1.64,true,86.2,
obstacle_risk_001,scooter_braga_021,2026-05-05T14:03:55Z,simulated,telemetry,scooter,obstacle_risk_001,235,,,,,in_transit,false,41.5536709,-8.4170480,10.55,-0.003,-0.179,10.148,-0.0285,-0.0151,0.0460,5.10,6.65,2.43,true,86.2,
obstacle_risk_001,scooter_braga_021,2026-05-05T14:03:56Z,simulated,telemetry,scooter,obstacle_risk_001,236,,,,,in_transit,false,41.5536407,-8.4170496,12.09,0.095,0.406,9.384,-0.0031,0.0150,0.0479,5.87,6.41,2.45,true,86.2,
obstacle_risk_001,scooter_braga_021,2026-05-05T14:03:57Z,simulated,telemetry,scooter,obstacle_risk_001,237,,,,,in_transit,false,41.5536045,-8.4170514,14.50,-0.038,0.285,10.043,-0.0835,0.0052,-0.0408,2.73,2.74,1.00,true,86.2,
obstacle_risk_001,scooter_braga_021,2026-05-05T14:03:58Z,simulated,telemetry,scooter,obstacle_risk_001,238,,,,,in_transit,false,41.5535704,-8.4170531,13.69,-0.004,-0.265,9.892,-0.0215,0.0229,0.0475,2.68,5.87,1.14,true,86.2,
obstacle_risk_001,scooter_braga_021,2026-05-05T14:03:59Z,simulated,telemetry,scooter,obstacle_risk_001,239,,,,,in_transit,false,41.5535373,-8.4170548,13.23,-0.244,-0.459,10.099,0.0100,0.0163,0.0117,5.45,3.73,2.47,true,86.1,
obstacle_risk_001,scooter_braga_021,2026-05-05T14:04:00Z,simulated,telemetry,scooter,obstacle_risk_001,240,,,,,in_transit,false,41.5535095,-8.4170560,11.14,0.171,-0.546,9.728,-0.0312,-0.0180,0.0162,2.39,8.59,1.04,true,86.1,
obstacle_risk_001,scooter_braga_021,2026-05-05T14:04:01Z,simulated,telemetry,scooter,obstacle_risk_001,241,,,,,in_transit,false,41.5534843,-8.4170570,10.12,-0.050,-0.120,9.985,0.0451,-0.0031,0.0487,2.42,8.93,0.86,true,86.1,
obstacle_risk_001,scooter_braga_021,2026-05-05T14:04:02Z,simulated,telemetry,scooter,obstacle_risk_001,242,,,,,in_transit,false,41.5534483,-8.4170584,14.39,0.641,1.073,10.279,0.0150,-0.0095,-0.0169,4.99,2.70,1.01,true,86.1,
obstacle_risk_001,scooter_braga_021,2026-05-05T14:04:03Z,simulated,telemetry,scooter,obstacle_risk_001,243,,,,,in_transit,false,41.5534232,-8.4170594,10.07,-0.305,-0.931,9.516,-0.0110,-0.0316,0.0070,5.43,3.11,2.54,true,86.1,
obstacle_risk_001,scooter_braga_021,2026-05-05T14:04:04Z,simulated,telemetry,scooter,obstacle_risk_001,244,,,,,in_transit,false,41.5533879,-8.4170608,14.12,-0.223,1.102,10.221,0.0092,0.0011,0.0438,2.71,5.84,0.75,true,86.1,
obstacle_risk_001,scooter_braga_021,2026-05-05T14:04:05Z,simulated,telemetry,scooter,obstacle_risk_001,245,,,,,in_transit,false,41.5533589,-8.4170620,11.65,-0.826,-0.857,9.854,0.0008,-0.0077,0.0228,4.54,2.57,0.77,true,86.1,
obstacle_risk_001,scooter_braga_021,2026-05-05T14:04:06Z,simulated,telemetry,scooter,obstacle_risk_001,246,,,,,in_transit,false,41.5533232,-8.4170633,14.29,0.156,0.579,9.735,-0.0186,0.0666,-0.0174,3.78,4.23,0.79,true,86.1,
obstacle_risk_001,scooter_braga_021,2026-05-05T14:04:07Z,simulated,telemetry,scooter,obstacle_risk_001,247,,,,,in_transit,false,41.5532905,-8.4170645,13.09,-0.049,-0.359,9.687,0.0480,-0.0146,0.0685,5.41,3.62,1.75,true,86.1,
obstacle_risk_001,scooter_braga_021,2026-05-05T14:04:08Z,simulated,telemetry,scooter,obstacle_risk_001,248,,,,,in_transit,false,41.5532614,-8.4170656,11.67,-0.053,-0.519,9.781,-0.0092,-0.0219,0.0625,5.76,6.91,1.30,true,86.1,
obstacle_risk_001,scooter_braga_021,2026-05-05T14:04:09Z,simulated,telemetry,scooter,obstacle_risk_001,249,,,,,in_transit,false,41.5532288,-8.4170668,13.04,0.181,0.493,9.889,0.0301,-0.0053,-0.0433,6.07,9.10,1.71,true,86.1,
obstacle_risk_001,scooter_braga_021,2026-05-05T14:04:10Z,simulated,telemetry,scooter,obstacle_risk_001,250,,,,,in_transit,false,41.5532008,-8.4170678,11.22,0.320,-0.299,9.915,0.0426,-0.0187,0.0037,2.38,2.55,1.39,true,86.1,
obstacle_risk_001,scooter_braga_021,2026-05-05T14:04:11Z,simulated,telemetry,scooter,obstacle_risk_001,251,,,,,in_transit,false,41.5531705,-8.4170689,12.13,0.353,0.255,9.695,0.0132,-0.0260,0.0457,4.78,7.50,1.08,true,86.1,
obstacle_risk_001,scooter_braga_021,2026-05-05T14:04:12Z,simulated,telemetry,scooter,obstacle_risk_001,252,,,,,in_transit,false,41.5531344,-8.4170703,14.45,0.190,0.655,9.737,0.0164,0.0665,0.0256,5.69,4.12,2.68,true,86.1,
obstacle_risk_001,scooter_braga_021,2026-05-05T14:04:13Z,simulated,telemetry,scooter,obstacle_risk_001,253,,,,,in_transit,false,41.5531007,-8.4170715,13.52,-0.293,0.210,9.870,-0.0015,-0.0339,0.0415,2.88,5.28,2.05,true,86.0,
obstacle_risk_001,scooter_braga_021,2026-05-05T14:04:14Z,simulated,telemetry,scooter,obstacle_risk_001,254,,,,,in_transit,false,41.5530697,-8.4170727,12.41,0.447,-0.146,9.841,-0.0041,-0.0024,0.1014,5.83,6.91,2.01,true,86.0,
obstacle_risk_001,scooter_braga_021,2026-05-05T14:04:15Z,simulated,telemetry,scooter,obstacle_risk_001,255,,,,,in_transit,false,41.5530336,-8.4170740,14.43,-1.125,0.562,10.096,-0.0295,-0.0282,0.0852,5.91,2.32,2.35,true,86.0,
obstacle_risk_001,scooter_braga_021,2026-05-05T14:04:16Z,simulated,telemetry,scooter,obstacle_risk_001,256,,,,,in_transit,false,41.5530043,-8.4170751,11.77,0.323,-0.636,9.720,-0.0038,-0.0258,0.0330,2.67,2.73,2.04,true,86.0,
obstacle_risk_001,scooter_braga_021,2026-05-05T14:04:17Z,simulated,telemetry,scooter,obstacle_risk_001,257,,,,,in_transit,false,41.5529785,-8.4170766,10.33,-0.052,-0.280,9.720,-0.0027,0.0089,0.0729,2.83,5.74,0.75,true,86.0,
obstacle_risk_001,scooter_braga_021,2026-05-05T14:04:18Z,simulated,telemetry,scooter,obstacle_risk_001,258,,,,,in_transit,false,41.5529536,-8.4170787,9.96,-0.363,-0.164,9.857,-0.0123,-0.0538,0.0889,4.91,3.19,1.28,true,86.0,
obstacle_risk_001,scooter_braga_021,2026-05-05T14:04:19Z,simulated,telemetry,scooter,obstacle_risk_001,259,,,,,in_transit,false,41.5529227,-8.4170813,12.43,-0.534,1.078,10.055,-0.0257,0.0209,-0.0112,5.94,4.10,1.36,true,86.0,
obstacle_risk_001,scooter_braga_021,2026-05-05T14:04:20Z,simulated,telemetry,scooter,obstacle_risk_001,260,,,,,in_transit,false,41.5528822,-8.4170846,16.24,-0.441,1.345,9.913,-0.0130,0.0296,0.0999,4.82,4.49,0.77,true,86.0,
obstacle_risk_001,scooter_braga_021,2026-05-05T14:04:21Z,simulated,telemetry,scooter,obstacle_risk_001,261,,,,,in_transit,false,41.5528525,-8.4170871,11.89,0.033,-1.247,9.809,-0.0158,-0.0565,-0.0606,2.33,8.59,0.85,true,86.0,
obstacle_risk_001,scooter_braga_021,2026-05-05T14:04:22Z,simulated,telemetry,scooter,obstacle_risk_001,262,,,,,in_transit,false,41.5528235,-8.4170895,11.64,-0.196,-0.380,9.619,-0.0282,-0.0801,0.0976,4.42,4.35,2.00,true,86.0,
obstacle_risk_001,scooter_braga_021,2026-05-05T14:04:23Z,simulated,telemetry,scooter,obstacle_risk_001,263,,,,,in_transit,false,41.5527963,-8.4170918,10.92,-0.231,-0.323,10.081,-0.0284,0.0110,0.0117,2.75,7.69,2.65,true,86.0,
obstacle_risk_001,scooter_braga_021,2026-05-05T14:04:24Z,simulated,telemetry,scooter,obstacle_risk_001,264,,,,,in_transit,false,41.5527594,-8.4170949,14.78,0.091,0.917,10.211,0.0166,-0.0010,0.0275,3.49,3.64,2.62,true,86.0,
obstacle_risk_001,scooter_braga_021,2026-05-05T14:04:25Z,simulated,telemetry,scooter,obstacle_risk_001,265,,,,,in_transit,false,41.5527271,-8.4170975,12.95,0.187,-0.541,9.664,-0.0332,-0.0184,-0.0207,3.25,5.73,2.18,true,86.0,
obstacle_risk_001,scooter_braga_021,2026-05-05T14:04:26Z,simulated,telemetry,scooter,obstacle_risk_001,266,,,,,in_transit,false,41.5526935,-8.4171003,13.47,0.105,0.018,9.639,0.0043,0.0418,0.0314,2.78,5.72,2.01,true,86.0,
obstacle_risk_001,scooter_braga_021,2026-05-05T14:04:27Z,simulated,telemetry,scooter,obstacle_risk_001,267,,,,,in_transit,false,41.5526615,-8.4171021,12.84,0.059,-0.084,9.592,0.0481,0.0264,0.0022,5.30,8.92,1.44,true,86.0,
obstacle_risk_001,scooter_braga_021,2026-05-05T14:04:28Z,simulated,telemetry,scooter,obstacle_risk_001,268,,,,,in_transit,false,41.5526351,-8.4171035,10.57,-0.698,-0.623,9.831,-0.0425,-0.0081,0.0369,2.41,3.35,1.97,true,86.0,
obstacle_risk_001,scooter_braga_021,2026-05-05T14:04:29Z,simulated,telemetry,scooter,obstacle_risk_001,269,,,,,in_transit,false,41.5526005,-8.4171055,13.86,-0.170,0.840,9.613,0.0278,-0.0381,0.0386,2.82,3.62,1.07,true,86.0,
obstacle_risk_001,scooter_braga_021,2026-05-05T14:04:30Z,simulated,telemetry,scooter,obstacle_risk_001,270,,,,,in_transit,false,41.5525703,-8.4171071,12.10,0.115,-0.494,10.006,-0.0259,-0.0115,0.0477,2.35,9.40,1.47,true,85.9,
obstacle_risk_001,scooter_braga_021,2026-05-05T14:04:31Z,simulated,telemetry,scooter,obstacle_risk_001,271,,,,,in_transit,false,41.5525353,-8.4171091,14.03,-0.434,0.626,9.650,0.0366,-0.0051,-0.0671,5.06,9.29,2.10,true,85.9,
obstacle_risk_001,scooter_braga_021,2026-05-05T14:04:32Z,simulated,telemetry,scooter,obstacle_risk_001,272,,,,,in_transit,false,41.5525029,-8.4171109,12.96,0.129,-0.256,9.723,-0.0353,0.0361,-0.0147,3.63,8.57,2.65,true,85.9,
obstacle_risk_001,scooter_braga_021,2026-05-05T14:04:33Z,simulated,telemetry,scooter,obstacle_risk_001,273,,,,,in_transit,false,41.5524647,-8.4171130,15.30,-0.095,0.837,9.852,0.0005,-0.0086,0.0059,2.51,4.93,2.36,true,85.9,
obstacle_risk_001,scooter_braga_021,2026-05-05T14:04:34Z,simulated,telemetry,scooter,obstacle_risk_001,274,,,,,in_transit,false,41.5524356,-8.4171146,11.68,0.264,-1.181,9.302,-0.0109,0.0015,-0.0055,3.91,4.56,1.00,true,85.9,
obstacle_risk_001,scooter_braga_021,2026-05-05T14:04:35Z,simulated,telemetry,scooter,obstacle_risk_001,275,,,,,in_transit,false,41.5524066,-8.4171162,11.59,0.282,0.134,9.744,0.0358,0.0228,0.0428,2.51,6.39,1.52,true,85.9,
obstacle_risk_001,scooter_braga_021,2026-05-05T14:04:36Z,simulated,telemetry,scooter,obstacle_risk_001,276,,,,,in_transit,false,41.5523716,-8.4171181,14.03,0.701,0.660,9.956,-0.0467,0.0056,-0.0050,6.12,4.46,0.78,true,85.9,
obstacle_risk_001,scooter_braga_021,2026-05-05T14:04:37Z,simulated,telemetry,scooter,obstacle_risk_001,277,,,,,in_transit,false,41.5523461,-8.4171195,10.21,-0.208,-1.149,9.793,0.0206,0.0518,-0.0109,4.93,2.65,2.05,true,85.9,
obstacle_risk_001,scooter_braga_021,2026-05-05T14:04:38Z,simulated,telemetry,scooter,obstacle_risk_001,278,,,,,in_transit,false,41.5523116,-8.4171214,13.83,0.088,0.983,9.930,-0.0467,0.0413,0.0155,4.95,6.16,2.79,true,85.9,
obstacle_risk_001,scooter_braga_021,2026-05-05T14:04:39Z,simulated,telemetry,scooter,obstacle_risk_001,279,,,,,in_transit,false,41.5522789,-8.4171233,13.10,-0.177,-0.205,9.936,-0.0551,0.0294,0.0218,6.07,3.15,2.74,true,85.9,
obstacle_risk_001,scooter_braga_021,2026-05-05T14:04:40Z,simulated,telemetry,scooter,obstacle_risk_001,280,,,,,in_transit,false,41.5522427,-8.4171253,14.52,0.063,0.322,9.427,-0.0267,0.0347,0.0497,2.06,5.90,1.23,true,85.9,
obstacle_risk_001,scooter_braga_021,2026-05-05T14:04:41Z,simulated,telemetry,scooter,obstacle_risk_001,281,,,,,in_transit,false,41.5522159,-8.4171267,10.71,-0.260,-0.966,9.540,0.0216,-0.0484,-0.0025,2.91,4.58,0.88,true,85.9,
obstacle_risk_001,scooter_braga_021,2026-05-05T14:04:42Z,simulated,telemetry,scooter,obstacle_risk_001,282,,,,,in_transit,false,41.5521862,-8.4171284,11.91,-0.315,0.772,9.892,0.0210,-0.0936,0.0113,5.07,9.12,1.58,true,85.9,
obstacle_risk_001,scooter_braga_021,2026-05-05T14:04:43Z,simulated,telemetry,scooter,obstacle_risk_001,283,,,,,in_transit,false,41.5521580,-8.4171300,11.30,0.339,0.309,9.655,0.0105,-0.0361,0.0188,3.91,6.49,1.33,true,85.9,
obstacle_risk_001,scooter_braga_021,2026-05-05T14:04:44Z,simulated,telemetry,scooter,obstacle_risk_001,284,,,,,in_transit,false,41.5521256,-8.4171317,12.98,0.465,0.371,10.101,0.0472,0.0070,-0.1157,3.15,5.22,0.96,true,85.9,
obstacle_risk_001,scooter_braga_021,2026-05-05T14:04:45Z,simulated,telemetry,scooter,obstacle_risk_001,285,,,,,in_transit,false,41.5521175,-8.4171322,14.55,0.306,0.199,9.580,0.0071,-0.0179,0.0046,5.93,9.34,2.01,true,85.8,
